{
    "AHP_depth_abs.Step0.15": NaN,
    "AHP_depth_abs.Step0.2": NaN,
    "AHP_depth_abs.Step0.25": NaN,
    "AHP_time_from_peak.Step0.15": NaN,
    "AHP_time_from_peak.Step0.2": NaN,
    "AHP_time_from_peak.Step0.25": NaN,
    "AP2_amp.Step0.15": NaN,
    "AP2_amp.Step0.2": NaN,
    "AP2_amp.Step0.25": NaN,
    "AP_amplitude.Step0.15": NaN,
    "AP_amplitude.Step0.2": NaN,
    "AP_amplitude.Step0.25": NaN,
    "AP_begin_voltage.Step0.15": NaN,
    "AP_begin_voltage.Step0.2": NaN,
    "AP_begin_voltage.Step0.25": NaN,
    "AP_duration_half_width.Step0.15": NaN,
    "AP_duration_half_width.Step0.2": NaN,
    "AP_duration_half_width.Step0.25": NaN,
    "AP_fall_time.Step0.15": NaN,
    "AP_fall_time.Step0.2": NaN,
    "AP_fall_time.Step0.25": NaN,
    "AP_rise_time.Step0.15": NaN,
    "AP_rise_time.Step0.2": NaN,
    "AP_rise_time.Step0.25": NaN,
    "APlast_amp.Step0.15": NaN,
    "APlast_amp.Step0.2": NaN,
    "APlast_amp.Step0.25": NaN,
    "Spikecount.Step0.05": 0.0,
    "Spikecount.Step0.1": 1.2461059190031152,
    "Spikecount.Step0.15": 3.1896424815983178,
    "Spikecount.Step0.2": 4.855813706204477,
    "Spikecount.Step0.25": 6.126439266987404,
    "inv_first_ISI.Step0.05": 0.0,
    "inv_first_ISI.Step0.1": 0.6617676236947112,
    "inv_first_ISI.Step0.15": 1.9066509146622859,
    "inv_first_ISI.Step0.2": 2.9984289014912835,
    "inv_first_ISI.Step0.25": 5.159816348498495,
    "inv_last_ISI.Step0.05": 0.0,
    "inv_last_ISI.Step0.1": 0.725294342231532,
    "inv_last_ISI.Step0.15": 2.695599335646867,
    "inv_last_ISI.Step0.2": 4.118213159485646,
    "inv_last_ISI.Step0.25": 5.922219367081101,
    "inv_time_to_first_spike.Step0.05": 0.0,
    "inv_time_to_first_spike.Step0.1": 1.5199476949900004,
    "inv_time_to_first_spike.Step0.15": 9.952343602936564,
    "inv_time_to_first_spike.Step0.2": 5.768239030702271,
    "inv_time_to_first_spike.Step0.25": 5.047043995661987,
    "sag_amplitude.Step-0.25": 1.9811878849657238,
    "sag_ratio1.Step-0.25": 0.4934581408746889,
    "steady_state_voltage.Step-0.25": 0.05827583988119686,
    "steady_state_voltage.Step0.05": 0.4766566299386541,
    "steady_state_voltage.Step0.1": 0.11102347975112606,
    "steady_state_voltage.Step0.15": 0.09318332905176697,
    "steady_state_voltage.Step0.2": 0.18927387085303282,
    "steady_state_voltage.Step0.25": 0.4661122130791507,
    "time_to_last_spike.Step0.15": 13.334667257178408,
    "time_to_last_spike.Step0.2": 33.515250740647446,
    "time_to_last_spike.Step0.25": 68.41099799289047,
    "voltage_base.Step-0.25": 0.29322119695343357,
    "voltage_base.Step0.05": 0.5776097978347675,
    "voltage_base.Step0.1": 0.4853060547695424,
    "voltage_base.Step0.15": 0.4482377797094936,
    "voltage_base.Step0.2": 0.5586607696500788,
    "voltage_base.Step0.25": 0.9717839666929285,
    "voltage_deflection.Step-0.25": 2.2519949980219947,
    "voltage_deflection_begin.Step-0.25": 1.8078745391103974
}